Aeropuerto	Destino	Km	Duracion	Modalidad	Vehiculo	Cap Min	Cap Max	Costo Base BRL	Comision	Precio Final BRL	Unidad de Cobro
GIG	Río de Janeiro	18	0.3	Compartido	Auto			130	20%	156	Por persona
GIG	Río de Janeiro	18	0.3	Privado	Auto	1	4			110	Por vehiculo
GIG	Angra dos Reis	139	2.4	Compartido	Micro	1	10			300	Por persona
GIG	Angra dos Reis	139	2.4	Privado	Auto	1	4			550	Por vehiculo
GIG	Arraial do Cabo	170	2.6	Compartido	Micro	1	10			230	Por persona
GIG	Arraial do Cabo	170	2.6	Privado	Auto	1	4			450	Por vehiculo
GIG	Búzios	174	2.7	Compartido	Micro	1	10			160	Por persona
GIG	Búzios	174	2.7	Privado	Auto	1	4			450	Por vehiculo
GIG	Cabo Frio	160	2.5	Compartido	Micro	1	10			230	Por persona
GIG	Cabo Frio	160	2.5	Privado	Auto	1	4			450	Por vehiculo
GIG	Ilha Grande			Compartido	Micro	1	10			280	Por persona
GIG	Ilha Grande			Privado	Auto	1	4			450	Por vehiculo
GIG	Paraty	248	4.0	Compartido	Micro	1	10			400	Por persona
GIG	Paraty	248	4.0	Privado	Auto	1	4			600	Por vehiculo
GRU	São Paulo	26	0.5	Compartido	Auto	1	4			41	Por persona
GRU	Ilhabela	185	3.7	Compartido	Auto	1	4			127	Por persona
GRU	Ubatuba	206	3.4	Compartido	Auto	1	4			140	Por persona
GRU	Ubatuba	206	3.4	Privado	Auto	1	5			800	Por vehiculo
CNF	Belo Horizonte	40	0.6	Compartido	Auto	1	4			37	Por persona
CWB	Curitiba	17	0.4	Compartido	Auto	1	4			30	Por persona
REC	Recife	13	0.3	Compartido	Auto	1	4			30	Por persona
REC	Porto de Galinhas	53	0.8	Compartido	Auto	1	4			45	Por persona
MCZ	Maceió	21	0.5	Compartido	Auto	1	4			80	Por persona
MCZ	Maceió	21	0.5	Privado	Auto	1	4			270	Por vehiculo
MCZ	Maragogi	129	2.1	Compartido	Auto	1	4			92	Por persona
NAT	Natal	25	0.4	Compartido	Auto	1	4			30	Por persona
NAT	Pipa	30	0.5	Compartido	Auto	1	4			31	Por persona
SSA	Salvador de Bahía	24	0.5	Compartido	Auto	1	4			30	Por persona
SSA	Arraial d’Ajuda	170	2.8	Compartido	Auto	1	4			118	Por persona
SSA	Itacaré	359	5.7	Compartido	Auto	1	4			235	Por persona
SSA	Morro de São Paulo	242	3.9	Compartido	Auto	1	4			162	Por persona
SSA	Porto Seguro	699	11.4	Compartido	Auto	1	4			445	Por persona
SSA	Praia do Forte	62	1.1	Compartido	Auto	1	4			50	Por persona
SSA	Trancoso	163	2.7	Compartido	Auto	1	4			113	Por persona
FOR	Fortaleza	9	0.2	Compartido	Auto	1	4			30	Por persona
FOR	Jericoacoara	295	5.6	Compartido	Auto	1	4			195	Por persona
FEN	Fernando de Noronha			Compartido	Vuelo					95	Por persona
FLN	Florianópolis	17	0.4	Compartido	Auto	1	4			30	Por persona
FLN	Balneário Camboriú	96	1.4	Compartido	Auto	1	4			72	Por persona
FLN	Bombinhas	89	1.5	Compartido	Auto	1	4			67	Por persona
FLN	Camboriú	96	1.4	Compartido	Auto	1	4			72	Por persona
FLN	Ferrugem	100	1.6	Compartido	Auto	1	4			74	Por persona
FLN	Garopaba	89	1.5	Compartido	Auto	1	4			67	Por persona
FLN	Itapema	88	1.4	Compartido	Auto	1	4			67	Por persona
FLN	Piçarras	129	1.8	Compartido	Auto	1	4			92	Por persona
FLN	Praia do Rosa	96	1.6	Compartido	Auto	1	4			72	Por persona
POA	Porto Alegre	9	0.2	Compartido	Auto	1	4			30	Por persona
POA	Canela	115	2.1	Compartido	Auto	1	4			83	Por persona
POA	Capão da Canoa	135	1.8	Compartido	Auto	1	4			96	Por persona
POA	Gramado	109	1.9	Compartido	Auto	1	4			80	Por persona
POA	Torres	184	2.5	Compartido	Auto	1	4			126	Por persona
IGU	Foz de Iguazú	14	0.3	Compartido	Auto	1	4			30	Por persona
JPA	João Pessoa	13	0.3	Compartido	Auto	1	4			30	Por persona
EZE	Buenos Aires	32	0.5	Compartido	Auto	1	4			32	Por persona
