id,destinations,destination_key,destination,country,title,description,price,currency,details,image_url,image_kind,image_source,source_price_brl,fx_brl_per_usd,margin_usd,is_active,sort_order
tour_rio_cristo_redentor_y_pan_de_azucar,"{""rio""}",rio,"Río de Janeiro, Brasil",Brasil,Cristo Redentor y Pan de Azúcar,Excursión guiada de día completo con entradas prioritarias y transporte.,65,USD,"Incluye traslado desde hoteles de la zona sur, guía bilingüe y entradas al Corcovado y Pan de Azúcar. Salida aproximada a las 7:30 y regreso por la tarde. Llevar calzado cómodo, protector solar y una campera liviana.",https://thumb.wikimedia.org/wikipedia/commons/thumb/9/98/Cidade_Maravilhosa.jpg/1920px-Cidade_Maravilhosa.jpg,destination,Wikimedia Commons,,,,true,1
tour_rio_full_day_a_arraial_do_cabo_con_paseo_en_barco,"{""rio""}",rio,"Río de Janeiro, Brasil",Brasil,Full Day a Arraial do Cabo con paseo en barco,"Playas de aguas cristalinas, navegación y parada para snorkel.",55,USD,"Incluye traslado ida y vuelta desde Río, paseo en barco compartido y paradas en playas según las condiciones del mar. Jornada completa, normalmente de 6:30 a 19:00. Llevar traje de baño, toalla y efectivo para tasas locales o alimentación.",https://thumb.wikimedia.org/wikipedia/commons/thumb/c/cb/Escuna_de_passeio%2C_em_Florian%C3%B3polis-SC%2C_BRASIL.JPG/1920px-Escuna_de_passeio%2C_em_Florian%C3%B3polis-SC%2C_BRASIL.JPG,boat,Wikimedia Commons,,,,true,2
tour_buz_paseo_en_barco_por_las_playas_de_buzios,"{""buz""}",buz,"Búzios, Brasil",Brasil,Paseo en barco por las playas de Búzios,"Navegación por João Fernandes, Azeda, Azedinha y otras calas de la península.",48,USD,"Incluye embarque en el centro de Búzios, navegación con paradas para nadar y bebida de cortesía. La salida suele durar entre 3 y 4 horas y depende del viento. Se recomienda reservar por la mañana y llevar protector solar.",https://thumb.wikimedia.org/wikipedia/commons/thumb/c/cb/Escuna_de_passeio%2C_em_Florian%C3%B3polis-SC%2C_BRASIL.JPG/1920px-Escuna_de_passeio%2C_em_Florian%C3%B3polis-SC%2C_BRASIL.JPG,boat,Wikimedia Commons,,,,true,3
tour_buz_city_tour_de_buzios_en_buggy,"{""buz""}",buz,"Búzios, Brasil",Brasil,City tour de Búzios en buggy,"Recorrido panorámico por miradores, playas y la Rua das Pedras.",42,USD,"Incluye buggy con conductor habilitado y recorrido por Orla Bardot, João Fernandes, Ferradura y Geribá. Duración aproximada de 4 horas, con horarios de mañana o tarde. Llevar ropa cómoda; el vehículo puede salpicar en algunos tramos.",https://thumb.wikimedia.org/wikipedia/commons/thumb/b/b1/Passeio_de_Buggy_nas_dunas_de_Genipabu_01.jpg/1920px-Passeio_de_Buggy_nas_dunas_de_Genipabu_01.jpg,buggy,Wikimedia Commons,,,,true,4
tour_arraial_passeio_de_barco_por_las_prainhas_y_gruta_azul,"{""arraial""}",arraial,"Arraial do Cabo, Brasil",Brasil,Passeio de barco por las Prainhas y Gruta Azul,Navegación por el Caribe brasileño con paradas para baño y fotos.,50,USD,"Incluye transporte local hasta el muelle, paseo en barco y paradas en Praia do Farol, Prainhas do Pontal do Atalaia y Gruta Azul cuando el mar lo permite. Duración aproximada de 4 horas. El acceso a algunas playas depende de la Capitanía y del clima.",https://thumb.wikimedia.org/wikipedia/commons/thumb/c/cb/Escuna_de_passeio%2C_em_Florian%C3%B3polis-SC%2C_BRASIL.JPG/1920px-Escuna_de_passeio%2C_em_Florian%C3%B3polis-SC%2C_BRASIL.JPG,boat,Wikimedia Commons,,,,true,5
tour_arraial_buceo_de_bautismo_en_aguas_cristalinas,"{""arraial""}",arraial,"Arraial do Cabo, Brasil",Brasil,Buceo de bautismo en aguas cristalinas,Experiencia introductoria con instructor y equipo completo.,78,USD,"Incluye briefing, equipo de buceo, acompañamiento de instructor y una inmersión de iniciación. La actividad suele ocupar media jornada y requiere completar una ficha de salud. No se recomienda volar durante las horas posteriores al buceo.",https://thumb.wikimedia.org/wikipedia/commons/thumb/3/31/Oven_S_Beach_Arraial_Do_Cabo_%28247765557%29.jpeg/1920px-Oven_S_Beach_Arraial_Do_Cabo_%28247765557%29.jpeg,destination,Wikimedia Commons,,,,true,6
tour_cabo_city_tour_historico_y_playas_de_cabo_frio,"{""cabo""}",cabo,"Cabo Frio, Brasil",Brasil,City tour histórico y playas de Cabo Frio,"Recorrido por Praia do Forte, Canal do Itajuru y el barrio da Passagem.",38,USD,"Incluye traslado urbano, guía local y paradas para fotos en Praia do Forte, Forte São Mateus y el centro histórico. Duración aproximada de 4 horas, con salida por la mañana. Ideal para combinar con un día libre de playa.",https://thumb.wikimedia.org/wikipedia/commons/thumb/3/35/Cabo_Frio_%28344068854%29.jpg/1920px-Cabo_Frio_%28344068854%29.jpg,destination,Wikimedia Commons,,,,true,7
tour_cabo_paseo_en_barco_por_el_canal_y_la_ilha_do_japones,"{""cabo""}",cabo,"Cabo Frio, Brasil",Brasil,Paseo en barco por el Canal y la Ilha do Japonês,Navegación corta con tiempo libre para baño y playa.,35,USD,"Incluye embarcación compartida y parada en Ilha do Japonês, sujeta a la marea y al viento. Duración aproximada de 3 horas. Llevar agua, protector solar y efectivo para consumos en la playa.",https://thumb.wikimedia.org/wikipedia/commons/thumb/c/cb/Escuna_de_passeio%2C_em_Florian%C3%B3polis-SC%2C_BRASIL.JPG/1920px-Escuna_de_passeio%2C_em_Florian%C3%B3polis-SC%2C_BRASIL.JPG,boat,Wikimedia Commons,,,,true,8
tour_ilha_vuelta_a_la_isla_en_lancha_rapida,"{""ilha""}",ilha,"Ilha Grande, Brasil",Brasil,Vuelta a la isla en lancha rápida,Día de playas y calas con agua transparente alrededor de Ilha Grande.,72,USD,"Incluye traslado en lancha compartida y paradas en Lagoa Azul, Caxadaço, Dois Rios o Lopes Mendes según el itinerario. Jornada de 6 a 7 horas. Llevar calzado para rocas, protector solar y una bolsa impermeable.",https://thumb.wikimedia.org/wikipedia/commons/thumb/c/cb/Escuna_de_passeio%2C_em_Florian%C3%B3polis-SC%2C_BRASIL.JPG/1920px-Escuna_de_passeio%2C_em_Florian%C3%B3polis-SC%2C_BRASIL.JPG,boat,Wikimedia Commons,,,,true,9
tour_ilha_trilha_guiada_a_lopes_mendes,"{""ilha""}",ilha,"Ilha Grande, Brasil",Brasil,Trilha guiada a Lopes Mendes,Caminata por la Mata Atlántica hasta una de las playas más famosas de la isla.,35,USD,"Incluye guía local, orientación en la trilha y apoyo durante el recorrido. La caminata dura entre 4 y 5 horas con desniveles moderados. Usar calzado cerrado, llevar repelente, agua y algo para comer.",https://upload.wikimedia.org/wikipedia/commons/c/ca/View_Ilha_Grande.JPG,destination,Wikimedia Commons,,,,true,10
tour_paraty_schooner_por_las_islas_de_paraty,"{""paraty""}",paraty,"Paraty, Brasil",Brasil,Schooner por las islas de Paraty,"Paseo en barco por bahías, playas y aguas tranquilas de la Costa Verde.",58,USD,"Incluye navegación en escuna, paradas para nadar y tiempo libre en playas protegidas. La actividad dura aproximadamente 5 horas y sale del centro histórico. Llevar toalla, protector solar y dinero para consumos a bordo.",https://thumb.wikimedia.org/wikipedia/commons/thumb/c/cb/Escuna_de_passeio%2C_em_Florian%C3%B3polis-SC%2C_BRASIL.JPG/1920px-Escuna_de_passeio%2C_em_Florian%C3%B3polis-SC%2C_BRASIL.JPG,boat,Wikimedia Commons,,,,true,11
tour_paraty_city_tour_historico_y_cachoeira_do_toboga,"{""paraty""}",paraty,"Paraty, Brasil",Brasil,City tour histórico y Cachoeira do Tobogã,"Historia colonial, cachaçaria y naturaleza en un mismo recorrido.",45,USD,"Incluye guía, caminata por el centro histórico, visita a una cachaçaria y traslado a la cascada del Tobogã. Duración aproximada de 5 horas. Usar calzado cómodo y tener en cuenta que la visita a la cascada depende de la lluvia.",https://thumb.wikimedia.org/wikipedia/commons/thumb/b/be/Paraty_05.JPG/1920px-Paraty_05.JPG,destination,Wikimedia Commons,,,,true,12
tour_ilhabela_jeep_tour_por_playas_y_cascadas,"{""ilhabela""}",ilhabela,"Ilhabela, Brasil",Brasil,Jeep tour por playas y cascadas,Recorrido 4x4 por la costa y la Mata Atlántica de Ilhabela.,62,USD,"Incluye vehículo 4x4, conductor-guía y paradas en Praia da Fome, Jabaquara y una cascada del parque. Duración de 6 horas aproximadamente. Llevar repelente, calzado que pueda mojarse y protección contra el sol.",https://thumb.wikimedia.org/wikipedia/commons/thumb/b/b1/Passeio_de_Buggy_nas_dunas_de_Genipabu_01.jpg/1920px-Passeio_de_Buggy_nas_dunas_de_Genipabu_01.jpg,buggy,Wikimedia Commons,,,,true,13
tour_ilhabela_paseo_de_barco_a_castelhanos,"{""ilhabela""}",ilhabela,"Ilhabela, Brasil",Brasil,Paseo de barco a Castelhanos,Navegación y acceso a una de las playas más preservadas de la isla.,82,USD,"Incluye transporte marítimo ida y vuelta, guía de navegación y tiempo libre en Castelhanos. Jornada completa, condicionada por oleaje y autorización del parque. Llevar comida ligera, agua y bolsa impermeable.",https://thumb.wikimedia.org/wikipedia/commons/thumb/c/cb/Escuna_de_passeio%2C_em_Florian%C3%B3polis-SC%2C_BRASIL.JPG/1920px-Escuna_de_passeio%2C_em_Florian%C3%B3polis-SC%2C_BRASIL.JPG,boat,Wikimedia Commons,,,,true,14
tour_ubatuba_paseo_en_barco_por_las_islas_de_ubatuba,"{""ubatuba""}",ubatuba,"Ubatuba, Brasil",Brasil,Paseo en barco por las islas de Ubatuba,Paradas para baño y snorkel en playas de la costa norte.,58,USD,"Incluye embarcación compartida y paradas en Ilha Anchieta, Praia do Flamengo u otras playas según el mar. Duración aproximada de 5 horas. El acceso al parque puede requerir tasa local; confirmar antes de embarcar.",https://thumb.wikimedia.org/wikipedia/commons/thumb/c/cb/Escuna_de_passeio%2C_em_Florian%C3%B3polis-SC%2C_BRASIL.JPG/1920px-Escuna_de_passeio%2C_em_Florian%C3%B3polis-SC%2C_BRASIL.JPG,boat,Wikimedia Commons,,,,true,15
tour_ubatuba_trilha_guiada_a_las_cascadas_de_ubatuba,"{""ubatuba""}",ubatuba,"Ubatuba, Brasil",Brasil,Trilha guiada a las cascadas de Ubatuba,Caminata de naturaleza con baño en piscinas naturales.,40,USD,"Incluye guía local, orientación por senderos y entrada al área visitada cuando corresponde. Actividad de medio día con ritmo moderado. Llevar zapatillas con buen agarre, repelente, agua y traje de baño.",https://upload.wikimedia.org/wikipedia/commons/6/6b/20230725_084402.jpg,destination,Wikimedia Commons,,,,true,16
tour_angra_ilhas_paradisiacas_en_lancha,"{""angra""}",angra,"Angra dos Reis, Brasil",Brasil,Ilhas Paradisíacas en lancha,"Día de navegación por Ilha Grande, Lagoa Azul y playas de Angra.",75,USD,"Incluye lancha compartida, marinero y paradas para nadar en islas y calas seleccionadas por el operador. Duración de 6 a 7 horas. La ruta puede variar por viento; llevar toalla, protector solar y efectivo.",https://thumb.wikimedia.org/wikipedia/commons/thumb/c/cb/Escuna_de_passeio%2C_em_Florian%C3%B3polis-SC%2C_BRASIL.JPG/1920px-Escuna_de_passeio%2C_em_Florian%C3%B3polis-SC%2C_BRASIL.JPG,boat,Wikimedia Commons,,,,true,17
tour_angra_paseo_de_barco_a_ilha_de_cataguases,"{""angra""}",angra,"Angra dos Reis, Brasil",Brasil,Paseo de barco a Ilha de Cataguases,Experiencia de medio día con playas tranquilas y aguas transparentes.,48,USD,Incluye traslado al muelle y navegación con tiempo libre en Ilha de Cataguases y alrededores. Salidas por la mañana o la tarde según disponibilidad. No incluye almuerzo ni consumos personales.,https://thumb.wikimedia.org/wikipedia/commons/thumb/c/cb/Escuna_de_passeio%2C_em_Florian%C3%B3polis-SC%2C_BRASIL.JPG/1920px-Escuna_de_passeio%2C_em_Florian%C3%B3polis-SC%2C_BRASIL.JPG,boat,Wikimedia Commons,,,,true,18
tour_sao_city_tour_por_avenida_paulista_y_centro_historico,"{""sao""}",sao,"São Paulo, Brasil",Brasil,City tour por Avenida Paulista y Centro Histórico,"Arquitectura, mercados, barrios culturales y principales postales de la ciudad.",52,USD,"Incluye guía local y recorrido por Avenida Paulista, Liberdade, Mercado Municipal, Sé y Beco do Batman según el tiempo. Duración aproximada de 6 horas. Usar calzado cómodo y conservar pertenencias en zonas concurridas.",https://thumb.wikimedia.org/wikipedia/commons/thumb/a/ab/Vista_da_Avenida_Paulista_-_Sesc_Avenida_Paulista_por_Rodrigo_Tetsuo_Argenton_%281%29.jpg/1920px-Vista_da_Avenida_Paulista_-_Sesc_Avenida_Paulista_por_Rodrigo_Tetsuo_Argenton_%281%29.jpg,destination,Wikimedia Commons,,,,true,19
tour_sao_ruta_gastronomica_por_liberdade_y_mercado_municipal,"{""sao""}",sao,"São Paulo, Brasil",Brasil,Ruta gastronómica por Liberdade y Mercado Municipal,Degustación de sabores brasileños y asiáticos con acompañamiento local.,68,USD,"Incluye guía gastronómico y degustaciones seleccionadas en Liberdade y el Mercado Municipal. Actividad de 4 horas, generalmente al mediodía. Avisar alergias o restricciones y confirmar qué consumos están incluidos.",https://thumb.wikimedia.org/wikipedia/commons/thumb/a/ab/Vista_da_Avenida_Paulista_-_Sesc_Avenida_Paulista_por_Rodrigo_Tetsuo_Argenton_%281%29.jpg/1920px-Vista_da_Avenida_Paulista_-_Sesc_Avenida_Paulista_por_Rodrigo_Tetsuo_Argenton_%281%29.jpg,destination,Wikimedia Commons,,,,true,20
tour_bho_pampulha_y_arquitectura_de_niemeyer,"{""bho""}",bho,"Belo Horizonte, Brasil",Brasil,Pampulha y arquitectura de Niemeyer,Circuito cultural por el conjunto de Pampulha y sus jardines.,45,USD,"Incluye transporte, guía y paradas en la Igreja de São Francisco, Museo de Arte y Casa do Baile. Duración aproximada de 4 horas. Los museos pueden tener horarios especiales; confirmar calendario antes de reservar.",https://upload.wikimedia.org/wikipedia/commons/9/9a/Praca_do_Papa%2C_Belo_Horizonte_%28cropped%292.jpg,destination,Wikimedia Commons,,,,true,21
tour_bho_experiencia_de_bares_y_comida_mineira,"{""bho""}",bho,"Belo Horizonte, Brasil",Brasil,Experiencia de bares y comida mineira,Recorrido por mercados y bares tradicionales con sabores de Minas Gerais.,62,USD,"Incluye acompañamiento local y degustaciones de porciones típicas en dos o tres paradas. Duración estimada de 3 horas, al final de la tarde. El menú puede variar y conviene informar restricciones alimentarias.",https://upload.wikimedia.org/wikipedia/commons/9/9a/Praca_do_Papa%2C_Belo_Horizonte_%28cropped%292.jpg,destination,Wikimedia Commons,,,,true,22
tour_curitiba_city_tour_en_la_linha_turismo,"{""curitiba""}",curitiba,"Curitiba, Brasil",Brasil,City tour en la Linha Turismo,"Jardín Botánico, Ópera de Arame, Museo Oscar Niemeyer y parques.",42,USD,"Incluye orientación de guía y recorrido por los principales puntos de Curitiba, con paradas para fotos. Duración aproximada de 5 horas. El orden puede cambiar por tránsito y horarios de museos.",https://thumb.wikimedia.org/wikipedia/commons/thumb/5/55/Tangu%C3%A1_Curitiba.jpg/1920px-Tangu%C3%A1_Curitiba.jpg,destination,Wikimedia Commons,,,,true,23
tour_curitiba_morretes_en_tren_por_la_serra_do_mar,"{""curitiba""}",curitiba,"Curitiba, Brasil",Brasil,Morretes en tren por la Serra do Mar,Viaje escénico en tren y almuerzo típico del litoral paranaense.,98,USD,"Incluye traslado, tramo en tren panorámico sujeto a disponibilidad y orientación en Morretes. Jornada de día completo. El precio puede cambiar según la categoría del vagón; reservar con anticipación en fines de semana.",https://thumb.wikimedia.org/wikipedia/commons/thumb/5/55/Tangu%C3%A1_Curitiba.jpg/1920px-Tangu%C3%A1_Curitiba.jpg,destination,Wikimedia Commons,,,,true,24
tour_porto_piscinas_naturales_de_porto_de_galinhas,"{""porto""}",porto,"Porto de Galinhas, Brasil",Brasil,Piscinas naturales de Porto de Galinhas,Paseo en jangada con snorkel en arrecifes durante la marea baja.,42,USD,"Incluye jangada y tiempo de baño en las piscinas naturales cuando la marea lo permite. La salida se define por la tabla de mareas y dura entre 1,5 y 2 horas. Llevar protector solar y confirmar si se requiere tasa ambiental.",https://upload.wikimedia.org/wikipedia/commons/a/a6/Porto_de_Galinhas_piscinas_naturais.jpg,destination,Wikimedia Commons,,,,true,25
tour_porto_praia_dos_carneiros_y_paseo_en_catamaran,"{""porto""}",porto,"Porto de Galinhas, Brasil",Brasil,Praia dos Carneiros y paseo en catamarán,Excursión de día completo a una de las playas más famosas de Pernambuco.,65,USD,"Incluye traslado ida y vuelta, paseo en catamarán y paradas en bancos de arena o baño de arcilla cuando están disponibles. Salida temprano y regreso al atardecer. No siempre incluye almuerzo o bebidas.",https://thumb.wikimedia.org/wikipedia/commons/thumb/c/cb/Escuna_de_passeio%2C_em_Florian%C3%B3polis-SC%2C_BRASIL.JPG/1920px-Escuna_de_passeio%2C_em_Florian%C3%B3polis-SC%2C_BRASIL.JPG,boat,Wikimedia Commons,,,,true,26
tour_mcz_maragogi_y_piscinas_naturales_desde_maceio,"{""mcz""}",mcz,"Maceió, Brasil",Brasil,Maragogi y piscinas naturales desde Maceió,Full day de playa con catamarán y aguas cristalinas del litoral norte.,58,USD,"Incluye traslado desde Maceió y orientación para el paseo opcional a las Galés, siempre sujeto a marea baja. Jornada de 10 a 12 horas. Llevar efectivo, protector solar y confirmar el suplemento de catamarán.",https://upload.wikimedia.org/wikipedia/commons/7/7f/Praia_de_Ipioca_-_Macei%C3%B3_-_Alagoas_%2811394603505%29.jpg,destination,Wikimedia Commons,,,,true,27
tour_mcz_sao_miguel_dos_milagres_y_ruta_ecologica,"{""mcz""}",mcz,"Maceió, Brasil",Brasil,São Miguel dos Milagres y Ruta Ecológica,"Playas tranquilas, pueblos pesqueros y piscinas naturales del litoral alagoano.",62,USD,"Incluye transporte ida y vuelta y paradas en playas de la Ruta Ecológica dos Milagres. Día completo con horarios sujetos a marea y clima. Se recomienda llevar agua, sombrero y reservar el paseo en jangada aparte si se desea.",https://upload.wikimedia.org/wikipedia/commons/7/7f/Praia_de_Ipioca_-_Macei%C3%B3_-_Alagoas_%2811394603505%29.jpg,destination,Wikimedia Commons,,,,true,28
tour_maragogi_catamaran_a_las_piscinas_naturales_gales,"{""maragogi""}",maragogi,"Maragogi, Brasil",Brasil,Catamarán a las Piscinas Naturales (Galés),Navegación con snorkel en arrecifes durante la marea baja.,38,USD,"Incluye catamarán y tiempo en las piscinas naturales, sujeto a la tabla de mareas y autorización local. El embarque suele ser temprano. Equipo de snorkel puede tener costo adicional; llevar protector solar y no tocar el coral.",https://thumb.wikimedia.org/wikipedia/commons/thumb/c/cb/Escuna_de_passeio%2C_em_Florian%C3%B3polis-SC%2C_BRASIL.JPG/1920px-Escuna_de_passeio%2C_em_Florian%C3%B3polis-SC%2C_BRASIL.JPG,boat,Wikimedia Commons,,,,true,29
tour_maragogi_buggy_por_playas_del_litoral_norte,"{""maragogi""}",maragogi,"Maragogi, Brasil",Brasil,Buggy por playas del litoral norte,"Recorrido por Antunes, Ponta do Mangue y playas cercanas.",48,USD,Incluye buggy con conductor y paradas panorámicas en playas del litoral norte. Duración aproximada de 4 horas. El paseo no incluye consumos en los beach clubs y puede cambiar por el estado de la arena.,https://thumb.wikimedia.org/wikipedia/commons/thumb/b/b1/Passeio_de_Buggy_nas_dunas_de_Genipabu_01.jpg/1920px-Passeio_de_Buggy_nas_dunas_de_Genipabu_01.jpg,buggy,Wikimedia Commons,,,,true,30
tour_nat_dunas_de_genipabu_en_buggy,"{""nat""}",nat,"Natal, Brasil",Brasil,Dunas de Genipabu en buggy,"Aventura entre dunas, lagunas y playas con opción de emoción o paseo tranquilo.",62,USD,"Incluye buggy con conductor habilitado, visita a Genipabu y paradas en lagunas y miradores. Jornada de medio día o día completo. Elegir con o sin emoción al contratar y llevar gafas de sol, pañuelo y agua.",https://thumb.wikimedia.org/wikipedia/commons/thumb/b/b1/Passeio_de_Buggy_nas_dunas_de_Genipabu_01.jpg/1920px-Passeio_de_Buggy_nas_dunas_de_Genipabu_01.jpg,buggy,Wikimedia Commons,,,,true,31
tour_nat_pipa_desde_natal_con_baia_dos_golfinhos,"{""nat""}",nat,"Natal, Brasil",Brasil,Pipa desde Natal con Baía dos Golfinhos,"Excursión costera con miradores, playas y tiempo libre en Pipa.",58,USD,"Incluye traslado ida y vuelta desde Natal y paradas en Tibau do Sul, Cacimbinhas y Praia do Amor. Jornada de 10 horas aproximadamente. La observación de delfines depende del mar y de la naturaleza.",https://thumb.wikimedia.org/wikipedia/commons/thumb/b/b1/Natal%2C_capital_do_Rio_Grande_do_Norte%2C_Brasil.jpg/1920px-Natal%2C_capital_do_Rio_Grande_do_Norte%2C_Brasil.jpg,destination,Wikimedia Commons,,,,true,32
tour_pip_paseo_en_buggy_de_playa_en_playa,"{""pip""}",pip,"Praia do Pipa, Brasil",Brasil,Paseo en Buggy de Playa en Playa,"Chapadão, Baía dos Golfinhos, Sibaúma y miradores de Pipa.",48,USD,"Incluye buggy con conductor y recorrido por playas y miradores del litoral. Duración aproximada de medio día, con salida por la mañana o la tarde. Llevar ropa cómoda, protector solar y agua; algunos accesos dependen de la marea.",https://thumb.wikimedia.org/wikipedia/commons/thumb/b/b1/Passeio_de_Buggy_nas_dunas_de_Genipabu_01.jpg/1920px-Passeio_de_Buggy_nas_dunas_de_Genipabu_01.jpg,buggy,Wikimedia Commons,,,,true,33
tour_pip_paseo_en_lancha_para_ver_delfines,"{""pip""}",pip,"Praia do Pipa, Brasil",Brasil,Paseo en lancha para ver delfines,Navegación costera con baño y búsqueda responsable de fauna marina.,42,USD,"Incluye lancha compartida, guía y navegación frente a las playas de Pipa. La actividad dura entre 2 y 3 horas y la fauna no puede garantizarse. Llevar traje de baño, sombrero y seguir las indicaciones del tripulante.",https://thumb.wikimedia.org/wikipedia/commons/thumb/c/cb/Escuna_de_passeio%2C_em_Florian%C3%B3polis-SC%2C_BRASIL.JPG/1920px-Escuna_de_passeio%2C_em_Florian%C3%B3polis-SC%2C_BRASIL.JPG,boat,Wikimedia Commons,,,,true,34
tour_trancoso_praias_do_espelho_y_caraiva,"{""trancoso""}",trancoso,"Trancoso / Arraial d’Ajuda, Brasil",Brasil,Praias do Espelho y Caraíva,Día completo por playas del litoral sur de Bahía.,78,USD,"Incluye transporte ida y vuelta desde Trancoso, guía y paradas en Praia do Espelho y otros puntos de la costa. Salida temprano; el acceso puede tener tramos de camino irregular. Llevar calzado, agua y confirmar tasas o travesías incluidas.",https://upload.wikimedia.org/wikipedia/commons/0/0b/Trancoso%2C_Porto_Seguro%2C_Bahia_Brazil.jpg,destination,Wikimedia Commons,,,,true,35
tour_trancoso_city_tour_de_trancoso_y_quadrado,"{""trancoso""}",trancoso,"Trancoso / Arraial d’Ajuda, Brasil",Brasil,City tour de Trancoso y Quadrado,"Historia local, miradores y playas cercanas con tiempo libre.",45,USD,"Incluye guía y traslado por el Quadrado histórico, Igreja de São João, miradores y una playa cercana. Duración aproximada de 4 horas, ideal para la tarde. Los consumos en restaurantes y beach clubs no están incluidos.",https://upload.wikimedia.org/wikipedia/commons/0/0b/Trancoso%2C_Porto_Seguro%2C_Bahia_Brazil.jpg,destination,Wikimedia Commons,,,,true,36
tour_ssa_pelourinho_elevador_lacerda_y_mercado_modelo,"{""ssa""}",ssa,"Salvador de Bahía, Brasil",Brasil,"Pelourinho, Elevador Lacerda y Mercado Modelo",Recorrido histórico y cultural por las postales de Salvador.,48,USD,"Incluye guía local y recorrido por Pelourinho, Igreja do Bonfim, Mercado Modelo y Elevador Lacerda según horarios. Duración aproximada de 5 horas. Se recomienda ropa liviana y atención a las pertenencias en áreas concurridas.",https://thumb.wikimedia.org/wikipedia/commons/thumb/c/c0/Salvador_BA_%28cropped%29_2.jpg/1920px-Salvador_BA_%28cropped%29_2.jpg,destination,Wikimedia Commons,,,,true,37
tour_ssa_bahia_de_todos_los_santos_en_schooner,"{""ssa""}",ssa,"Salvador de Bahía, Brasil",Brasil,Bahía de Todos los Santos en schooner,"Navegación con islas, música y tiempo para nadar.",58,USD,"Incluye navegación en schooner por la bahía y parada en una isla, según el itinerario del día. Jornada de 6 horas aproximadamente. El almuerzo y las bebidas pueden ser opcionales; confirmar antes de embarcar.",https://thumb.wikimedia.org/wikipedia/commons/thumb/c/cb/Escuna_de_passeio%2C_em_Florian%C3%B3polis-SC%2C_BRASIL.JPG/1920px-Escuna_de_passeio%2C_em_Florian%C3%B3polis-SC%2C_BRASIL.JPG,boat,Wikimedia Commons,,,,true,38
tour_for_praia_de_cumbuco_y_dunas_en_buggy,"{""for""}",for,"Fortaleza / Jericoacoara, Brasil",Brasil,Praia de Cumbuco y dunas en buggy,"Excursión desde Fortaleza con lagoas, dunas y paseo opcional.",55,USD,"Incluye traslado desde Fortaleza y tiempo libre en Cumbuco. El buggy por las dunas se contrata como complemento, con opción con o sin emoción. Jornada de 8 horas; llevar protector solar y efectivo.",https://thumb.wikimedia.org/wikipedia/commons/thumb/b/b1/Passeio_de_Buggy_nas_dunas_de_Genipabu_01.jpg/1920px-Passeio_de_Buggy_nas_dunas_de_Genipabu_01.jpg,buggy,Wikimedia Commons,,,,true,39
tour_for_beach_park_y_costa_de_aquiraz,"{""for""}",for,"Fortaleza / Jericoacoara, Brasil",Brasil,Beach Park y costa de Aquiraz,Día de playa y parque acuático en la costa este de Ceará.,72,USD,Incluye traslado ida y vuelta desde Fortaleza y acceso al área seleccionada del parque si está disponible en la tarifa. Jornada completa. Confirmar calendario de funcionamiento y restricciones de altura de las atracciones.,https://upload.wikimedia.org/wikipedia/commons/7/73/Fortaleza%2C_Brazil_%284%29_%28cropped%29.jpg,destination,Wikimedia Commons,,,,true,40
tour_jericoacoara_lagoa_do_paraiso_y_lagoa_azul_en_4x4,"{""jericoacoara""}",jericoacoara,"Jericoacoara, Brasil",Brasil,Lagoa do Paraíso y Lagoa Azul en 4x4,"Día de dunas, lagunas y hamacas sobre el agua.",58,USD,Incluye buggy o vehículo 4x4 compartido y paradas en las principales lagunas de Jeri. Duración aproximada de 7 horas. El itinerario depende del viento y del nivel de agua; llevar efectivo y protección solar.,https://thumb.wikimedia.org/wikipedia/commons/thumb/b/b1/Passeio_de_Buggy_nas_dunas_de_Genipabu_01.jpg/1920px-Passeio_de_Buggy_nas_dunas_de_Genipabu_01.jpg,buggy,Wikimedia Commons,,,,true,41
tour_jericoacoara_por_do_sol_en_la_duna_y_pedra_furada,"{""jericoacoara""}",jericoacoara,"Jericoacoara, Brasil",Brasil,Pôr do sol en la Duna y Pedra Furada,Circuito de tarde por los íconos naturales de Jericoacoara.,35,USD,"Incluye traslado en buggy y acompañamiento local hasta Pedra Furada y la Duna do Pôr do Sol. Actividad de 4 horas, con regreso después del atardecer. Usar calzado para arena y llevar agua.",https://thumb.wikimedia.org/wikipedia/commons/thumb/5/5c/Anderps_067.JPG/1920px-Anderps_067.JPG,destination,Wikimedia Commons,,,,true,42
tour_morro_volta_a_ilha_en_lancha,"{""morro""}",morro,"Morro de São Paulo, Brasil",Brasil,Volta à Ilha en lancha,"Piscinas naturales, playas de Boipeba y paradas para baño.",82,USD,"Incluye lancha compartida, guía y paradas en piscinas naturales de Moreré, Cueira y Cairu, según la marea. Jornada completa y sujeta al estado del mar. Llevar toalla, protector solar y efectivo para tasas o almuerzo.",https://thumb.wikimedia.org/wikipedia/commons/thumb/c/cb/Escuna_de_passeio%2C_em_Florian%C3%B3polis-SC%2C_BRASIL.JPG/1920px-Escuna_de_passeio%2C_em_Florian%C3%B3polis-SC%2C_BRASIL.JPG,boat,Wikimedia Commons,,,,true,43
tour_morro_tirolesa_y_miradores_de_morro,"{""morro""}",morro,"Morro de São Paulo, Brasil",Brasil,Tirolesa y miradores de Morro,Aventura suave con vistas a la Primeira y Segunda Praia.,38,USD,Incluye orientación para la tirolesa y recorrido por los miradores principales. Actividad de medio día; la tirolesa puede cerrar por viento o lluvia. Usar calzado cómodo y guardar objetos sueltos.,https://thumb.wikimedia.org/wikipedia/commons/thumb/a/aa/MARCIO_FILHO_FAROL_DO_MORRO_MORRO_DE_S%C3%83O_PAULO_BAHIA_%2839166725080%29.jpg/1920px-MARCIO_FILHO_FAROL_DO_MORRO_MORRO_DE_S%C3%83O_PAULO_BAHIA_%2839166725080%29.jpg,destination,Wikimedia Commons,,,,true,44
tour_fernando_baia_dos_porcos_y_playas_del_mar_de_dentro,"{""fernando""}",fernando,"Fernando de Noronha, Brasil",Brasil,Baía dos Porcos y playas del Mar de Dentro,Circuito guiado por miradores y playas de aguas transparentes.,88,USD,"Incluye traslado interno, guía ambiental y paradas en Sancho, Baía dos Porcos y miradores según acceso. Jornada de 6 horas. Las tasas del parque y preservación pueden cobrarse aparte; llevar snorkel y agua.",https://upload.wikimedia.org/wikipedia/commons/9/91/EDUARDO_MURUCI_-_BAIA_DOS_PORCOS-%28recorte%29.jpg,destination,Wikimedia Commons,,,,true,45
tour_fernando_paseo_en_barco_con_snorkel_y_puesta_de_sol,"{""fernando""}",fernando,"Fernando de Noronha, Brasil",Brasil,Paseo en barco con snorkel y puesta de sol,Navegación por la costa con posibilidad de avistar delfines.,98,USD,"Incluye embarcación, guía y equipo básico de flotación para una parada de snorkel. Duración de 4 horas, con horario condicionado por el mar. La observación de fauna no se garantiza; confirmar tasas y restricciones ambientales.",https://thumb.wikimedia.org/wikipedia/commons/thumb/c/cb/Escuna_de_passeio%2C_em_Florian%C3%B3polis-SC%2C_BRASIL.JPG/1920px-Escuna_de_passeio%2C_em_Florian%C3%B3polis-SC%2C_BRASIL.JPG,boat,Wikimedia Commons,,,,true,46
tour_fln_paseo_en_escuna_pirata,"{""fln""}",fln,"Florianópolis, Brasil",Brasil,Paseo en escuna pirata,Navegación costera en escuna desde Florianópolis.,41.95,USD,Precio de referencia: R$190. Presentá tu reserva en la boletería. Duración y recorrido sujetos a disponibilidad y condiciones del mar.,https://thumb.wikimedia.org/wikipedia/commons/thumb/c/cb/Escuna_de_passeio%2C_em_Florian%C3%B3polis-SC%2C_BRASIL.JPG/1920px-Escuna_de_passeio%2C_em_Florian%C3%B3polis-SC%2C_BRASIL.JPG,boat,Wikimedia Commons,190,5.1414,5,true,47
tour_fln_catamaran_con_almuerzo,"{""fln""}",fln,"Florianópolis, Brasil",Brasil,Catamarán con almuerzo,Excursión en catamarán con almuerzo incluido.,53.62,USD,"Precio de referencia: R$250. La excursión incluye almuerzo según la opción seleccionada. Confirmá horarios, menú y punto de embarque al reservar.",https://thumb.wikimedia.org/wikipedia/commons/thumb/c/cb/Escuna_de_passeio%2C_em_Florian%C3%B3polis-SC%2C_BRASIL.JPG/1920px-Escuna_de_passeio%2C_em_Florian%C3%B3polis-SC%2C_BRASIL.JPG,boat,Wikimedia Commons,250,5.1414,5,true,48
tour_fln_excursion_en_barco_a_isla_de_campeche,"{""fln""}",fln,"Florianópolis, Brasil",Brasil,Excursión en barco a Isla de Campeche,Navegación desde Armação hacia el Caribe catarinense.,24.45,USD,"Precio de referencia: R$100. Incluye navegación y tiempo libre en la isla. Salidas sujetas al clima, oleaje y autorización del parque; confirmá si el traslado hasta el embarque está incluido.",https://thumb.wikimedia.org/wikipedia/commons/thumb/c/cb/Escuna_de_passeio%2C_em_Florian%C3%B3polis-SC%2C_BRASIL.JPG/1920px-Escuna_de_passeio%2C_em_Florian%C3%B3polis-SC%2C_BRASIL.JPG,boat,Wikimedia Commons,100,5.1414,5,true,49
tour_fln_bautismo_de_buceo,"{""fln""}",fln,"Florianópolis, Brasil",Brasil,Bautismo de buceo,"Primera inmersión con barco, equipo e instructor.",101.28,USD,"Precio de referencia: R$495. La captura indica barco, equipamiento e instructor. La actividad depende de las condiciones del mar y puede requerir una ficha de salud.",https://thumb.wikimedia.org/wikipedia/commons/thumb/0/09/Morro_da_Cruz%2C_Florian%C3%B3polis_-_SC%2C_Brazil_-_panoramio_%28cropped%29.jpg/1920px-Morro_da_Cruz%2C_Florian%C3%B3polis_-_SC%2C_Brazil_-_panoramio_%28cropped%29.jpg,destination,Wikimedia Commons,495,5.1414,5,true,50
tour_fln_bombinhas_y_praia_de_quatro_ilhas,"{""fln""}",fln,"Florianópolis, Brasil",Brasil,Bombinhas y Praia de Quatro Ilhas,Excursión de día completo a playas de Bombinhas.,28.34,USD,"Precio de referencia: R$120. La captura indica traslado de ida y vuelta y visita a las playas. Confirmá itinerario, horarios y servicios incluidos.",https://thumb.wikimedia.org/wikipedia/commons/thumb/0/09/Morro_da_Cruz%2C_Florian%C3%B3polis_-_SC%2C_Brazil_-_panoramio_%28cropped%29.jpg/1920px-Morro_da_Cruz%2C_Florian%C3%B3polis_-_SC%2C_Brazil_-_panoramio_%28cropped%29.jpg,destination,Wikimedia Commons,120,5.1414,5,true,51
tour_fln_tour_de_playas_de_florianopolis,"{""fln""}",fln,"Florianópolis, Brasil",Brasil,Tour de playas de Florianópolis,Recorrido por las playas y paisajes más conocidos de la isla.,20.56,USD,Precio de referencia: R$80. La captura indica traslado de ida y vuelta. El recorrido y las paradas dependen del operador y las condiciones del día.,https://thumb.wikimedia.org/wikipedia/commons/thumb/0/09/Morro_da_Cruz%2C_Florian%C3%B3polis_-_SC%2C_Brazil_-_panoramio_%28cropped%29.jpg/1920px-Morro_da_Cruz%2C_Florian%C3%B3polis_-_SC%2C_Brazil_-_panoramio_%28cropped%29.jpg,destination,Wikimedia Commons,80,5.1414,5,true,52
tour_fln_city_tour_de_florianopolis,"{""fln""}",fln,"Florianópolis, Brasil",Brasil,City tour de Florianópolis,Recorrido guiado por los puntos destacados de la ciudad.,26.39,USD,"Precio de referencia: R$110. La captura indica traslado de ida y vuelta. Confirmá los lugares visitados, horarios y punto de salida.",https://thumb.wikimedia.org/wikipedia/commons/thumb/0/09/Morro_da_Cruz%2C_Florian%C3%B3polis_-_SC%2C_Brazil_-_panoramio_%28cropped%29.jpg/1920px-Morro_da_Cruz%2C_Florian%C3%B3polis_-_SC%2C_Brazil_-_panoramio_%28cropped%29.jpg,destination,Wikimedia Commons,110,5.1414,5,true,53
tour_fln_beto_carrero_world,"{""fln""}",fln,"Florianópolis, Brasil",Brasil,Beto Carrero World,Excursión al parque temático Beto Carrero World.,26.39,USD,Precio de referencia: R$110. La captura muestra traslado y entrada; verificá qué tipo de ingreso incluye la tarifa y la disponibilidad para la fecha elegida.,https://thumb.wikimedia.org/wikipedia/commons/thumb/0/09/Morro_da_Cruz%2C_Florian%C3%B3polis_-_SC%2C_Brazil_-_panoramio_%28cropped%29.jpg/1920px-Morro_da_Cruz%2C_Florian%C3%B3polis_-_SC%2C_Brazil_-_panoramio_%28cropped%29.jpg,destination,Wikimedia Commons,110,5.1414,5,true,54
tour_fln_balneario_camboriu,"{""fln""}",fln,"Florianópolis, Brasil",Brasil,Balneário Camboriú,Excursión a Balneário Camboriú con traslado y entradas.,41.95,USD,Precio de referencia: R$190. La captura indica traslado de ida y vuelta y entradas. Confirmá qué atracciones están incluidas.,https://thumb.wikimedia.org/wikipedia/commons/thumb/0/09/Morro_da_Cruz%2C_Florian%C3%B3polis_-_SC%2C_Brazil_-_panoramio_%28cropped%29.jpg/1920px-Morro_da_Cruz%2C_Florian%C3%B3polis_-_SC%2C_Brazil_-_panoramio_%28cropped%29.jpg,destination,Wikimedia Commons,190,5.1414,5,true,55
tour_fln_guarda_do_embau,"{""fln""}",fln,"Florianópolis, Brasil",Brasil,Guarda do Embaú,Excursión a Guarda do Embaú y sus paisajes costeros.,24.45,USD,"Precio de referencia: R$100. La captura indica traslado de ida y vuelta y guía. Confirmá horarios, recorrido y servicios incluidos.",https://thumb.wikimedia.org/wikipedia/commons/thumb/0/09/Morro_da_Cruz%2C_Florian%C3%B3polis_-_SC%2C_Brazil_-_panoramio_%28cropped%29.jpg/1920px-Morro_da_Cruz%2C_Florian%C3%B3polis_-_SC%2C_Brazil_-_panoramio_%28cropped%29.jpg,destination,Wikimedia Commons,100,5.1414,5,true,56
tour_camboriu_parque_unipraias_y_teleferico,"{""camboriu""}",camboriu,"Camboriú, Brasil",Brasil,Parque Unipraias y teleférico,"Vistas de la costa, senderos y acceso al parque de atracciones.",52,USD,"Incluye traslado local y acceso al circuito principal del Parque Unipraias, según disponibilidad. Medio día de actividad. Las atracciones adicionales se pagan aparte; llevar calzado cómodo y consultar altura mínima.",https://thumb.wikimedia.org/wikipedia/commons/thumb/d/d4/Praia_dos_amores.jpg/1920px-Praia_dos_amores.jpg,destination,Wikimedia Commons,,,,true,57
tour_camboriu_paseo_en_barco_por_la_costa_de_balneario,"{""camboriu""}",camboriu,"Camboriú, Brasil",Brasil,Paseo en barco por la costa de Balneário,Navegación panorámica desde la Barra Sul con música y paradas.,40,USD,"Incluye embarcación compartida y recorrido frente a las playas centrales. Duración aproximada de 3 horas, sujeta al clima. Bebidas y consumos a bordo no están incluidos.",https://thumb.wikimedia.org/wikipedia/commons/thumb/c/cb/Escuna_de_passeio%2C_em_Florian%C3%B3polis-SC%2C_BRASIL.JPG/1920px-Escuna_de_passeio%2C_em_Florian%C3%B3polis-SC%2C_BRASIL.JPG,boat,Wikimedia Commons,,,,true,58
tour_bombinhas_snorkel_en_ilha_do_arvoredo,"{""bombinhas""}",bombinhas,"Bombinhas, Brasil",Brasil,Snorkel en Ilha do Arvoredo,Navegación y bautismo de snorkel en aguas transparentes.,62,USD,"Incluye embarcación, máscara, chaleco y acompañamiento de instructor durante el snorkel. La salida depende de la visibilidad y del oleaje. Llevar traje de baño, toalla y confirmar requisitos para la reserva.",https://thumb.wikimedia.org/wikipedia/commons/thumb/5/5e/Praia_da_Sepultura%2C_Bombinhas%2C_Santa_Catarina.jpg/1920px-Praia_da_Sepultura%2C_Bombinhas%2C_Santa_Catarina.jpg,destination,Wikimedia Commons,,,,true,59
tour_bombinhas_trilha_de_la_costa_esmeralda,"{""bombinhas""}",bombinhas,"Bombinhas, Brasil",Brasil,Trilha de la Costa Esmeralda,"Caminata guiada por playas, miradores y senderos de Mata Atlántica.",38,USD,"Incluye guía local y recorrido por playas y senderos de Bombinhas, con dificultad moderada. Duración aproximada de 4 horas. Usar zapatillas, llevar agua y respetar las áreas protegidas.",https://thumb.wikimedia.org/wikipedia/commons/thumb/5/5e/Praia_da_Sepultura%2C_Bombinhas%2C_Santa_Catarina.jpg/1920px-Praia_da_Sepultura%2C_Bombinhas%2C_Santa_Catarina.jpg,destination,Wikimedia Commons,,,,true,60
tour_rosa_avistaje_de_ballenas_desde_los_miradores,"{""rosa""}",rosa,"Praia do Rosa, Brasil",Brasil,Avistaje de ballenas desde los miradores,Recorrido costero y observación responsable durante la temporada.,42,USD,"Incluye guía local y traslado entre miradores de Praia do Rosa y Garopaba. La actividad es estacional y la observación de ballenas no puede garantizarse. Llevar abrigo, calzado cómodo y consultar la temporada.",https://thumb.wikimedia.org/wikipedia/commons/thumb/6/6f/Praia_do_Rosa%2C_SC.JPG/1920px-Praia_do_Rosa%2C_SC.JPG,destination,Wikimedia Commons,,,,true,61
tour_rosa_trilha_a_praia_vermelha_y_ouvidor,"{""rosa""}",rosa,"Praia do Rosa, Brasil",Brasil,Trilha a Praia Vermelha y Ouvidor,Senderismo entre playas aisladas y paisajes de la costa sur.,35,USD,"Incluye guía y orientación por senderos costeros entre Praia do Rosa, Vermelha y Ouvidor. Duración de 4 a 5 horas según el ritmo. Llevar agua, protector solar y calzado con agarre.",https://thumb.wikimedia.org/wikipedia/commons/thumb/6/6f/Praia_do_Rosa%2C_SC.JPG/1920px-Praia_do_Rosa%2C_SC.JPG,destination,Wikimedia Commons,,,,true,62
tour_bcm_city_tour_y_cristo_luz,"{""bcm""}",bcm,"Balneário Camboriú, Brasil",Brasil,City tour y Cristo Luz,"Miradores, playas centrales y el monumento iluminado de la ciudad.",45,USD,"Incluye traslado, guía y acceso al complejo Cristo Luz cuando esté operativo. Recorrido de medio día, con salida por la tarde para aprovechar la iluminación. Los horarios pueden variar por eventos o clima.",https://thumb.wikimedia.org/wikipedia/commons/thumb/a/a4/Orla_da_Praia_Central%2C_Balne%C3%A1rio_Cambori%C3%BA_SC.JPG/1920px-Orla_da_Praia_Central%2C_Balne%C3%A1rio_Cambori%C3%BA_SC.JPG,destination,Wikimedia Commons,,,,true,63
tour_bcm_beto_carrero_world_desde_camboriu,"{""bcm""}",bcm,"Balneário Camboriú, Brasil",Brasil,Beto Carrero World desde Camboriú,Día completo en el principal parque temático de Santa Catarina.,92,USD,"Incluye traslado ida y vuelta y entrada estándar al parque. Jornada completa con salida temprano. Las filas, atracciones premium y comidas no están incluidas; confirmar calendario antes de comprar.",https://thumb.wikimedia.org/wikipedia/commons/thumb/a/a4/Orla_da_Praia_Central%2C_Balne%C3%A1rio_Cambori%C3%BA_SC.JPG/1920px-Orla_da_Praia_Central%2C_Balne%C3%A1rio_Cambori%C3%BA_SC.JPG,destination,Wikimedia Commons,,,,true,64
tour_gram_tour_del_vino_en_bento_goncalves_y_vale_dos_vinhedos,"{""gram""}",gram,"Gramado, Brasil",Brasil,Tour del Vino en Bento Gonçalves y Vale dos Vinhedos,"Cata de vinos, espumantes, almuerzo colonial y paisaje de la Serra Gaúcha.",78,USD,"Incluye transporte desde Gramado, degustaciones seleccionadas y visita a bodegas. Jornada de 10 a 12 horas; algunas versiones suman Tren del Vino y almuerzo. Confirmar el itinerario exacto y avisar restricciones alimentarias.",https://thumb.wikimedia.org/wikipedia/commons/thumb/d/df/GRAMADO_-_RIO_GRANDE_DO_SUL_-_BRASIL_BY_AUGUSTO_JANISCKI_JUNIOR_%2814281900109%29.jpg/1920px-GRAMADO_-_RIO_GRANDE_DO_SUL_-_BRASIL_BY_AUGUSTO_JANISCKI_JUNIOR_%2814281900109%29.jpg,destination,Wikimedia Commons,,,,true,65
tour_gram_city_tour_de_gramado_y_parques_de_canela,"{""gram""}",gram,"Gramado, Brasil",Brasil,City tour de Gramado y parques de Canela,"Lago Negro, centro de Gramado, Catedral de Piedra y Cascata do Caracol.",55,USD,Incluye transporte y guía por las principales postales de Gramado y Canela. Duración aproximada de 7 horas. Entradas a parques o museos pueden cobrarse aparte según el circuito elegido.,https://thumb.wikimedia.org/wikipedia/commons/thumb/d/df/GRAMADO_-_RIO_GRANDE_DO_SUL_-_BRASIL_BY_AUGUSTO_JANISCKI_JUNIOR_%2814281900109%29.jpg/1920px-GRAMADO_-_RIO_GRANDE_DO_SUL_-_BRASIL_BY_AUGUSTO_JANISCKI_JUNIOR_%2814281900109%29.jpg,destination,Wikimedia Commons,,,,true,66
tour_canela_cascata_do_caracol_y_skyglass,"{""canela""}",canela,"Canela, Brasil",Brasil,Cascata do Caracol y Skyglass,"Naturaleza, miradores y una de las atracciones más fotografiadas de la Serra.",62,USD,"Incluye traslado desde Canela, visita a Caracol y orientación para Skyglass; la entrada puede variar según el paquete. Medio día o día completo. Consultar condiciones de viento y restricciones de acceso.",https://thumb.wikimedia.org/wikipedia/commons/thumb/a/a7/Catedral_Nossa_Senhora_de_Lourdes.JPG/1920px-Catedral_Nossa_Senhora_de_Lourdes.JPG,destination,Wikimedia Commons,,,,true,67
tour_canela_tren_del_vino_y_cultura_italiana,"{""canela""}",canela,"Canela, Brasil",Brasil,Tren del Vino y cultura italiana,"Bento Gonçalves, degustaciones y experiencia de Maria Fumaça.",88,USD,"Incluye transporte desde Canela, visita a bodegas, degustaciones y experiencia del Tren del Vino cuando haya disponibilidad. Excursión de día completo. Reservar con anticipación; el tren puede reemplazarse por otra actividad según el calendario.",https://thumb.wikimedia.org/wikipedia/commons/thumb/a/a7/Catedral_Nossa_Senhora_de_Lourdes.JPG/1920px-Catedral_Nossa_Senhora_de_Lourdes.JPG,destination,Wikimedia Commons,,,,true,68
tour_igu_cataratas_del_lado_brasileno_y_parque_das_aves,"{""igu""}",igu,"Foz de Iguazú, Brasil",Brasil,Cataratas del lado brasileño y Parque das Aves,"Pasarelas panorámicas, selva y fauna de la región de Iguazú.",62,USD,"Incluye traslado, guía y entradas al circuito brasileño y Parque das Aves si el paquete seleccionado lo contempla. Medio día de actividad. Llevar calzado cómodo, capa de lluvia y documento para los accesos.",https://thumb.wikimedia.org/wikipedia/commons/thumb/7/79/Cataratas_do_Igua%C3%A7u%2C_Iguazu_Falls.jpg/1920px-Cataratas_do_Igua%C3%A7u%2C_Iguazu_Falls.jpg,destination,Wikimedia Commons,,,,true,69
tour_igu_cataratas_argentinas_con_garganta_del_diablo,"{""igu""}",igu,"Foz de Iguazú, Brasil",Brasil,Cataratas argentinas con Garganta del Diablo,Día completo por los circuitos superior e inferior del parque argentino.,72,USD,"Incluye traslado desde Foz, guía y orientación dentro del Parque Nacional Iguazú. Jornada completa; la entrada y el tren interno pueden cobrarse por separado según la tarifa. Llevar documento, agua y protección contra la lluvia.",https://thumb.wikimedia.org/wikipedia/commons/thumb/7/79/Cataratas_do_Igua%C3%A7u%2C_Iguazu_Falls.jpg/1920px-Cataratas_do_Igua%C3%A7u%2C_Iguazu_Falls.jpg,destination,Wikimedia Commons,,,,true,70
tour_rec_olinda_historica_y_recife_antigo,"{""rec""}",rec,"Recife, Brasil",Brasil,Olinda histórica y Recife Antigo,"Iglesias, casonas coloridas, arte y miradores del litoral pernambucano.",48,USD,"Incluye transporte y guía por Recife Antigo, Marco Zero y el centro histórico de Olinda. Duración aproximada de 6 horas. Usar calzado cómodo y confirmar qué entradas o consumos están incluidos.",https://upload.wikimedia.org/wikipedia/commons/8/82/Antonio_Vaz_island_-_Recife%2C_Pernambuco%2C_Brazil_%28cropped%29.jpg,destination,Wikimedia Commons,,,,true,71
tour_rec_porto_de_galinhas_desde_recife,"{""rec""}",rec,"Recife, Brasil",Brasil,Porto de Galinhas desde Recife,"Playa, jangada y tiempo libre en las piscinas naturales.",58,USD,"Incluye traslado ida y vuelta desde Recife y orientación para la jangada en Porto de Galinhas. Día completo, con horario definido por la marea. La jangada, comidas y actividades opcionales pueden cobrarse aparte.",https://upload.wikimedia.org/wikipedia/commons/8/82/Antonio_Vaz_island_-_Recife%2C_Pernambuco%2C_Brazil_%28cropped%29.jpg,destination,Wikimedia Commons,,,,true,72
tour_poa_gramado_y_canela_desde_porto_alegre,"{""poa""}",poa,"Porto Alegre, Brasil",Brasil,Gramado y Canela desde Porto Alegre,"Excursión por la Serra Gaúcha con parques, arquitectura y gastronomía.",82,USD,Incluye transporte ida y vuelta y paradas panorámicas en Gramado y Canela. Jornada de 12 horas aproximadamente. Las entradas a parques y museos no están incluidas salvo indicación del operador.,https://thumb.wikimedia.org/wikipedia/commons/thumb/e/e5/IBPA_17398_-_Vista_a%C3%A9rea_da_Orla_Moacyr_Scliar%2C_na_capital._O_-_2018-10-02_-_Luciano_Lanes-PMPA_%28cropped%29.jpg/1920px-IBPA_17398_-_Vista_a%C3%A9rea_da_Orla_Moacyr_Scliar%2C_na_capital._O_-_2018-10-02_-_Luciano_Lanes-PMPA_%28cropped%29.jpg,destination,Wikimedia Commons,,,,true,73
tour_poa_bento_goncalves_y_vale_dos_vinhedos,"{""poa""}",poa,"Porto Alegre, Brasil",Brasil,Bento Gonçalves y Vale dos Vinhedos,"Bodegas, degustaciones y cultura italiana de la Serra Gaúcha.",88,USD,"Incluye traslado desde Porto Alegre, visita a bodegas y degustaciones seleccionadas. Excursión de día completo. El Tren del Vino y el almuerzo pueden formar parte de un paquete superior; confirmar al reservar.",https://thumb.wikimedia.org/wikipedia/commons/thumb/e/e5/IBPA_17398_-_Vista_a%C3%A9rea_da_Orla_Moacyr_Scliar%2C_na_capital._O_-_2018-10-02_-_Luciano_Lanes-PMPA_%28cropped%29.jpg/1920px-IBPA_17398_-_Vista_a%C3%A9rea_da_Orla_Moacyr_Scliar%2C_na_capital._O_-_2018-10-02_-_Luciano_Lanes-PMPA_%28cropped%29.jpg,destination,Wikimedia Commons,,,,true,74
tour_buz_kayak_o_stand_up_paddle_en_la_costa,"{""buz""}",buz,"Búzios, Brasil",Brasil,Kayak o stand up paddle en la costa,Alquiler de equipo con instructor para recorrer la costa a tu ritmo.,30,USD,"Incluye equipo, chaleco salvavidas y una breve introducción de manejo antes de salir al agua. Actividad de 1 a 2 horas según el paquete elegido. Se recomienda reservar temprano en temporada alta y llevar protector solar resistente al agua.",https://thumb.wikimedia.org/wikipedia/commons/thumb/3/33/Starr-230301-6176-Cocos_nucifera-view_Molokini_and_Kahoolawe_with_stand_up_paddlers_kayakers_and_snorkelers-Kamaole_Beach_Park_Kihei-Maui_%2852746466170%29.jpg/1920px-Starr-230301-6176-Cocos_nucifera-view_Molokini_and_Kahoolawe_with_stand_up_paddlers_kayakers_and_snorkelers-Kamaole_Beach_Park_Kihei-Maui_%2852746466170%29.jpg,kayak,Wikimedia Commons,,,,true,75
tour_arraial_kayak_o_stand_up_paddle_en_la_costa,"{""arraial""}",arraial,"Arraial do Cabo, Brasil",Brasil,Kayak o stand up paddle en la costa,Alquiler de equipo con instructor para recorrer la costa a tu ritmo.,30,USD,"Incluye equipo, chaleco salvavidas y una breve introducción de manejo antes de salir al agua. Actividad de 1 a 2 horas según el paquete elegido. Se recomienda reservar temprano en temporada alta y llevar protector solar resistente al agua.",https://thumb.wikimedia.org/wikipedia/commons/thumb/3/33/Starr-230301-6176-Cocos_nucifera-view_Molokini_and_Kahoolawe_with_stand_up_paddlers_kayakers_and_snorkelers-Kamaole_Beach_Park_Kihei-Maui_%2852746466170%29.jpg/1920px-Starr-230301-6176-Cocos_nucifera-view_Molokini_and_Kahoolawe_with_stand_up_paddlers_kayakers_and_snorkelers-Kamaole_Beach_Park_Kihei-Maui_%2852746466170%29.jpg,kayak,Wikimedia Commons,,,,true,76
tour_cabo_kayak_o_stand_up_paddle_en_la_costa,"{""cabo""}",cabo,"Cabo Frio, Brasil",Brasil,Kayak o stand up paddle en la costa,Alquiler de equipo con instructor para recorrer la costa a tu ritmo.,30,USD,"Incluye equipo, chaleco salvavidas y una breve introducción de manejo antes de salir al agua. Actividad de 1 a 2 horas según el paquete elegido. Se recomienda reservar temprano en temporada alta y llevar protector solar resistente al agua.",https://thumb.wikimedia.org/wikipedia/commons/thumb/3/33/Starr-230301-6176-Cocos_nucifera-view_Molokini_and_Kahoolawe_with_stand_up_paddlers_kayakers_and_snorkelers-Kamaole_Beach_Park_Kihei-Maui_%2852746466170%29.jpg/1920px-Starr-230301-6176-Cocos_nucifera-view_Molokini_and_Kahoolawe_with_stand_up_paddlers_kayakers_and_snorkelers-Kamaole_Beach_Park_Kihei-Maui_%2852746466170%29.jpg,kayak,Wikimedia Commons,,,,true,77
tour_ilha_kayak_o_stand_up_paddle_en_la_costa,"{""ilha""}",ilha,"Ilha Grande, Brasil",Brasil,Kayak o stand up paddle en la costa,Alquiler de equipo con instructor para recorrer la costa a tu ritmo.,30,USD,"Incluye equipo, chaleco salvavidas y una breve introducción de manejo antes de salir al agua. Actividad de 1 a 2 horas según el paquete elegido. Se recomienda reservar temprano en temporada alta y llevar protector solar resistente al agua.",https://thumb.wikimedia.org/wikipedia/commons/thumb/3/33/Starr-230301-6176-Cocos_nucifera-view_Molokini_and_Kahoolawe_with_stand_up_paddlers_kayakers_and_snorkelers-Kamaole_Beach_Park_Kihei-Maui_%2852746466170%29.jpg/1920px-Starr-230301-6176-Cocos_nucifera-view_Molokini_and_Kahoolawe_with_stand_up_paddlers_kayakers_and_snorkelers-Kamaole_Beach_Park_Kihei-Maui_%2852746466170%29.jpg,kayak,Wikimedia Commons,,,,true,78
tour_paraty_kayak_o_stand_up_paddle_en_la_costa,"{""paraty""}",paraty,"Paraty, Brasil",Brasil,Kayak o stand up paddle en la costa,Alquiler de equipo con instructor para recorrer la costa a tu ritmo.,30,USD,"Incluye equipo, chaleco salvavidas y una breve introducción de manejo antes de salir al agua. Actividad de 1 a 2 horas según el paquete elegido. Se recomienda reservar temprano en temporada alta y llevar protector solar resistente al agua.",https://thumb.wikimedia.org/wikipedia/commons/thumb/3/33/Starr-230301-6176-Cocos_nucifera-view_Molokini_and_Kahoolawe_with_stand_up_paddlers_kayakers_and_snorkelers-Kamaole_Beach_Park_Kihei-Maui_%2852746466170%29.jpg/1920px-Starr-230301-6176-Cocos_nucifera-view_Molokini_and_Kahoolawe_with_stand_up_paddlers_kayakers_and_snorkelers-Kamaole_Beach_Park_Kihei-Maui_%2852746466170%29.jpg,kayak,Wikimedia Commons,,,,true,79
tour_ilhabela_kayak_o_stand_up_paddle_en_la_costa,"{""ilhabela""}",ilhabela,"Ilhabela, Brasil",Brasil,Kayak o stand up paddle en la costa,Alquiler de equipo con instructor para recorrer la costa a tu ritmo.,30,USD,"Incluye equipo, chaleco salvavidas y una breve introducción de manejo antes de salir al agua. Actividad de 1 a 2 horas según el paquete elegido. Se recomienda reservar temprano en temporada alta y llevar protector solar resistente al agua.",https://thumb.wikimedia.org/wikipedia/commons/thumb/3/33/Starr-230301-6176-Cocos_nucifera-view_Molokini_and_Kahoolawe_with_stand_up_paddlers_kayakers_and_snorkelers-Kamaole_Beach_Park_Kihei-Maui_%2852746466170%29.jpg/1920px-Starr-230301-6176-Cocos_nucifera-view_Molokini_and_Kahoolawe_with_stand_up_paddlers_kayakers_and_snorkelers-Kamaole_Beach_Park_Kihei-Maui_%2852746466170%29.jpg,kayak,Wikimedia Commons,,,,true,80
tour_ubatuba_kayak_o_stand_up_paddle_en_la_costa,"{""ubatuba""}",ubatuba,"Ubatuba, Brasil",Brasil,Kayak o stand up paddle en la costa,Alquiler de equipo con instructor para recorrer la costa a tu ritmo.,30,USD,"Incluye equipo, chaleco salvavidas y una breve introducción de manejo antes de salir al agua. Actividad de 1 a 2 horas según el paquete elegido. Se recomienda reservar temprano en temporada alta y llevar protector solar resistente al agua.",https://thumb.wikimedia.org/wikipedia/commons/thumb/3/33/Starr-230301-6176-Cocos_nucifera-view_Molokini_and_Kahoolawe_with_stand_up_paddlers_kayakers_and_snorkelers-Kamaole_Beach_Park_Kihei-Maui_%2852746466170%29.jpg/1920px-Starr-230301-6176-Cocos_nucifera-view_Molokini_and_Kahoolawe_with_stand_up_paddlers_kayakers_and_snorkelers-Kamaole_Beach_Park_Kihei-Maui_%2852746466170%29.jpg,kayak,Wikimedia Commons,,,,true,81
tour_rio_kayak_o_stand_up_paddle_en_la_costa,"{""rio""}",rio,"Río de Janeiro, Brasil",Brasil,Kayak o stand up paddle en la costa,Alquiler de equipo con instructor para recorrer la costa a tu ritmo.,30,USD,"Incluye equipo, chaleco salvavidas y una breve introducción de manejo antes de salir al agua. Actividad de 1 a 2 horas según el paquete elegido. Se recomienda reservar temprano en temporada alta y llevar protector solar resistente al agua.",https://thumb.wikimedia.org/wikipedia/commons/thumb/3/33/Starr-230301-6176-Cocos_nucifera-view_Molokini_and_Kahoolawe_with_stand_up_paddlers_kayakers_and_snorkelers-Kamaole_Beach_Park_Kihei-Maui_%2852746466170%29.jpg/1920px-Starr-230301-6176-Cocos_nucifera-view_Molokini_and_Kahoolawe_with_stand_up_paddlers_kayakers_and_snorkelers-Kamaole_Beach_Park_Kihei-Maui_%2852746466170%29.jpg,kayak,Wikimedia Commons,,,,true,82
tour_angra_kayak_o_stand_up_paddle_en_la_costa,"{""angra""}",angra,"Angra dos Reis, Brasil",Brasil,Kayak o stand up paddle en la costa,Alquiler de equipo con instructor para recorrer la costa a tu ritmo.,30,USD,"Incluye equipo, chaleco salvavidas y una breve introducción de manejo antes de salir al agua. Actividad de 1 a 2 horas según el paquete elegido. Se recomienda reservar temprano en temporada alta y llevar protector solar resistente al agua.",https://thumb.wikimedia.org/wikipedia/commons/thumb/3/33/Starr-230301-6176-Cocos_nucifera-view_Molokini_and_Kahoolawe_with_stand_up_paddlers_kayakers_and_snorkelers-Kamaole_Beach_Park_Kihei-Maui_%2852746466170%29.jpg/1920px-Starr-230301-6176-Cocos_nucifera-view_Molokini_and_Kahoolawe_with_stand_up_paddlers_kayakers_and_snorkelers-Kamaole_Beach_Park_Kihei-Maui_%2852746466170%29.jpg,kayak,Wikimedia Commons,,,,true,83
tour_sao_free_tour_a_pie_por_el_centro_historico,"{""sao""}",sao,"São Paulo, Brasil",Brasil,Free tour a pie por el centro histórico,Recorrido guiado por los principales puntos históricos y culturales de la ciudad.,20,USD,"Incluye guía local en español o portugués y recorrido a pie por plazas, edificios históricos y miradores del centro. Duración aproximada de 2 a 3 horas. El monto es una propina sugerida al guía; no hay costo fijo obligatorio.",https://thumb.wikimedia.org/wikipedia/commons/thumb/a/ab/Vista_da_Avenida_Paulista_-_Sesc_Avenida_Paulista_por_Rodrigo_Tetsuo_Argenton_%281%29.jpg/1920px-Vista_da_Avenida_Paulista_-_Sesc_Avenida_Paulista_por_Rodrigo_Tetsuo_Argenton_%281%29.jpg,destination,Wikimedia Commons,,,,true,84
tour_bho_free_tour_a_pie_por_el_centro_historico,"{""bho""}",bho,"Belo Horizonte, Brasil",Brasil,Free tour a pie por el centro histórico,Recorrido guiado por los principales puntos históricos y culturales de la ciudad.,20,USD,"Incluye guía local en español o portugués y recorrido a pie por plazas, edificios históricos y miradores del centro. Duración aproximada de 2 a 3 horas. El monto es una propina sugerida al guía; no hay costo fijo obligatorio.",https://upload.wikimedia.org/wikipedia/commons/9/9a/Praca_do_Papa%2C_Belo_Horizonte_%28cropped%292.jpg,destination,Wikimedia Commons,,,,true,85
tour_curitiba_free_tour_a_pie_por_el_centro_historico,"{""curitiba""}",curitiba,"Curitiba, Brasil",Brasil,Free tour a pie por el centro histórico,Recorrido guiado por los principales puntos históricos y culturales de la ciudad.,20,USD,"Incluye guía local en español o portugués y recorrido a pie por plazas, edificios históricos y miradores del centro. Duración aproximada de 2 a 3 horas. El monto es una propina sugerida al guía; no hay costo fijo obligatorio.",https://thumb.wikimedia.org/wikipedia/commons/thumb/5/55/Tangu%C3%A1_Curitiba.jpg/1920px-Tangu%C3%A1_Curitiba.jpg,destination,Wikimedia Commons,,,,true,86
tour_porto_kayak_o_stand_up_paddle_en_la_costa,"{""porto""}",porto,"Porto de Galinhas, Brasil",Brasil,Kayak o stand up paddle en la costa,Alquiler de equipo con instructor para recorrer la costa a tu ritmo.,30,USD,"Incluye equipo, chaleco salvavidas y una breve introducción de manejo antes de salir al agua. Actividad de 1 a 2 horas según el paquete elegido. Se recomienda reservar temprano en temporada alta y llevar protector solar resistente al agua.",https://thumb.wikimedia.org/wikipedia/commons/thumb/3/33/Starr-230301-6176-Cocos_nucifera-view_Molokini_and_Kahoolawe_with_stand_up_paddlers_kayakers_and_snorkelers-Kamaole_Beach_Park_Kihei-Maui_%2852746466170%29.jpg/1920px-Starr-230301-6176-Cocos_nucifera-view_Molokini_and_Kahoolawe_with_stand_up_paddlers_kayakers_and_snorkelers-Kamaole_Beach_Park_Kihei-Maui_%2852746466170%29.jpg,kayak,Wikimedia Commons,,,,true,87
tour_mcz_kayak_o_stand_up_paddle_en_la_costa,"{""mcz""}",mcz,"Maceió, Brasil",Brasil,Kayak o stand up paddle en la costa,Alquiler de equipo con instructor para recorrer la costa a tu ritmo.,30,USD,"Incluye equipo, chaleco salvavidas y una breve introducción de manejo antes de salir al agua. Actividad de 1 a 2 horas según el paquete elegido. Se recomienda reservar temprano en temporada alta y llevar protector solar resistente al agua.",https://thumb.wikimedia.org/wikipedia/commons/thumb/3/33/Starr-230301-6176-Cocos_nucifera-view_Molokini_and_Kahoolawe_with_stand_up_paddlers_kayakers_and_snorkelers-Kamaole_Beach_Park_Kihei-Maui_%2852746466170%29.jpg/1920px-Starr-230301-6176-Cocos_nucifera-view_Molokini_and_Kahoolawe_with_stand_up_paddlers_kayakers_and_snorkelers-Kamaole_Beach_Park_Kihei-Maui_%2852746466170%29.jpg,kayak,Wikimedia Commons,,,,true,88
tour_maragogi_kayak_o_stand_up_paddle_en_la_costa,"{""maragogi""}",maragogi,"Maragogi, Brasil",Brasil,Kayak o stand up paddle en la costa,Alquiler de equipo con instructor para recorrer la costa a tu ritmo.,30,USD,"Incluye equipo, chaleco salvavidas y una breve introducción de manejo antes de salir al agua. Actividad de 1 a 2 horas según el paquete elegido. Se recomienda reservar temprano en temporada alta y llevar protector solar resistente al agua.",https://thumb.wikimedia.org/wikipedia/commons/thumb/3/33/Starr-230301-6176-Cocos_nucifera-view_Molokini_and_Kahoolawe_with_stand_up_paddlers_kayakers_and_snorkelers-Kamaole_Beach_Park_Kihei-Maui_%2852746466170%29.jpg/1920px-Starr-230301-6176-Cocos_nucifera-view_Molokini_and_Kahoolawe_with_stand_up_paddlers_kayakers_and_snorkelers-Kamaole_Beach_Park_Kihei-Maui_%2852746466170%29.jpg,kayak,Wikimedia Commons,,,,true,89
tour_nat_kayak_o_stand_up_paddle_en_la_costa,"{""nat""}",nat,"Natal, Brasil",Brasil,Kayak o stand up paddle en la costa,Alquiler de equipo con instructor para recorrer la costa a tu ritmo.,30,USD,"Incluye equipo, chaleco salvavidas y una breve introducción de manejo antes de salir al agua. Actividad de 1 a 2 horas según el paquete elegido. Se recomienda reservar temprano en temporada alta y llevar protector solar resistente al agua.",https://thumb.wikimedia.org/wikipedia/commons/thumb/3/33/Starr-230301-6176-Cocos_nucifera-view_Molokini_and_Kahoolawe_with_stand_up_paddlers_kayakers_and_snorkelers-Kamaole_Beach_Park_Kihei-Maui_%2852746466170%29.jpg/1920px-Starr-230301-6176-Cocos_nucifera-view_Molokini_and_Kahoolawe_with_stand_up_paddlers_kayakers_and_snorkelers-Kamaole_Beach_Park_Kihei-Maui_%2852746466170%29.jpg,kayak,Wikimedia Commons,,,,true,90
tour_pip_kayak_o_stand_up_paddle_en_la_costa,"{""pip""}",pip,"Praia do Pipa, Brasil",Brasil,Kayak o stand up paddle en la costa,Alquiler de equipo con instructor para recorrer la costa a tu ritmo.,30,USD,"Incluye equipo, chaleco salvavidas y una breve introducción de manejo antes de salir al agua. Actividad de 1 a 2 horas según el paquete elegido. Se recomienda reservar temprano en temporada alta y llevar protector solar resistente al agua.",https://thumb.wikimedia.org/wikipedia/commons/thumb/3/33/Starr-230301-6176-Cocos_nucifera-view_Molokini_and_Kahoolawe_with_stand_up_paddlers_kayakers_and_snorkelers-Kamaole_Beach_Park_Kihei-Maui_%2852746466170%29.jpg/1920px-Starr-230301-6176-Cocos_nucifera-view_Molokini_and_Kahoolawe_with_stand_up_paddlers_kayakers_and_snorkelers-Kamaole_Beach_Park_Kihei-Maui_%2852746466170%29.jpg,kayak,Wikimedia Commons,,,,true,91
tour_trancoso_kayak_o_stand_up_paddle_en_la_costa,"{""trancoso""}",trancoso,"Trancoso / Arraial d’Ajuda, Brasil",Brasil,Kayak o stand up paddle en la costa,Alquiler de equipo con instructor para recorrer la costa a tu ritmo.,30,USD,"Incluye equipo, chaleco salvavidas y una breve introducción de manejo antes de salir al agua. Actividad de 1 a 2 horas según el paquete elegido. Se recomienda reservar temprano en temporada alta y llevar protector solar resistente al agua.",https://thumb.wikimedia.org/wikipedia/commons/thumb/3/33/Starr-230301-6176-Cocos_nucifera-view_Molokini_and_Kahoolawe_with_stand_up_paddlers_kayakers_and_snorkelers-Kamaole_Beach_Park_Kihei-Maui_%2852746466170%29.jpg/1920px-Starr-230301-6176-Cocos_nucifera-view_Molokini_and_Kahoolawe_with_stand_up_paddlers_kayakers_and_snorkelers-Kamaole_Beach_Park_Kihei-Maui_%2852746466170%29.jpg,kayak,Wikimedia Commons,,,,true,92
tour_ssa_kayak_o_stand_up_paddle_en_la_costa,"{""ssa""}",ssa,"Salvador de Bahía, Brasil",Brasil,Kayak o stand up paddle en la costa,Alquiler de equipo con instructor para recorrer la costa a tu ritmo.,30,USD,"Incluye equipo, chaleco salvavidas y una breve introducción de manejo antes de salir al agua. Actividad de 1 a 2 horas según el paquete elegido. Se recomienda reservar temprano en temporada alta y llevar protector solar resistente al agua.",https://thumb.wikimedia.org/wikipedia/commons/thumb/3/33/Starr-230301-6176-Cocos_nucifera-view_Molokini_and_Kahoolawe_with_stand_up_paddlers_kayakers_and_snorkelers-Kamaole_Beach_Park_Kihei-Maui_%2852746466170%29.jpg/1920px-Starr-230301-6176-Cocos_nucifera-view_Molokini_and_Kahoolawe_with_stand_up_paddlers_kayakers_and_snorkelers-Kamaole_Beach_Park_Kihei-Maui_%2852746466170%29.jpg,kayak,Wikimedia Commons,,,,true,93
tour_for_kayak_o_stand_up_paddle_en_la_costa,"{""for""}",for,"Fortaleza / Jericoacoara, Brasil",Brasil,Kayak o stand up paddle en la costa,Alquiler de equipo con instructor para recorrer la costa a tu ritmo.,30,USD,"Incluye equipo, chaleco salvavidas y una breve introducción de manejo antes de salir al agua. Actividad de 1 a 2 horas según el paquete elegido. Se recomienda reservar temprano en temporada alta y llevar protector solar resistente al agua.",https://thumb.wikimedia.org/wikipedia/commons/thumb/3/33/Starr-230301-6176-Cocos_nucifera-view_Molokini_and_Kahoolawe_with_stand_up_paddlers_kayakers_and_snorkelers-Kamaole_Beach_Park_Kihei-Maui_%2852746466170%29.jpg/1920px-Starr-230301-6176-Cocos_nucifera-view_Molokini_and_Kahoolawe_with_stand_up_paddlers_kayakers_and_snorkelers-Kamaole_Beach_Park_Kihei-Maui_%2852746466170%29.jpg,kayak,Wikimedia Commons,,,,true,94
tour_jericoacoara_kayak_o_stand_up_paddle_en_la_costa,"{""jericoacoara""}",jericoacoara,"Jericoacoara, Brasil",Brasil,Kayak o stand up paddle en la costa,Alquiler de equipo con instructor para recorrer la costa a tu ritmo.,30,USD,"Incluye equipo, chaleco salvavidas y una breve introducción de manejo antes de salir al agua. Actividad de 1 a 2 horas según el paquete elegido. Se recomienda reservar temprano en temporada alta y llevar protector solar resistente al agua.",https://thumb.wikimedia.org/wikipedia/commons/thumb/3/33/Starr-230301-6176-Cocos_nucifera-view_Molokini_and_Kahoolawe_with_stand_up_paddlers_kayakers_and_snorkelers-Kamaole_Beach_Park_Kihei-Maui_%2852746466170%29.jpg/1920px-Starr-230301-6176-Cocos_nucifera-view_Molokini_and_Kahoolawe_with_stand_up_paddlers_kayakers_and_snorkelers-Kamaole_Beach_Park_Kihei-Maui_%2852746466170%29.jpg,kayak,Wikimedia Commons,,,,true,95
tour_morro_kayak_o_stand_up_paddle_en_la_costa,"{""morro""}",morro,"Morro de São Paulo, Brasil",Brasil,Kayak o stand up paddle en la costa,Alquiler de equipo con instructor para recorrer la costa a tu ritmo.,30,USD,"Incluye equipo, chaleco salvavidas y una breve introducción de manejo antes de salir al agua. Actividad de 1 a 2 horas según el paquete elegido. Se recomienda reservar temprano en temporada alta y llevar protector solar resistente al agua.",https://thumb.wikimedia.org/wikipedia/commons/thumb/3/33/Starr-230301-6176-Cocos_nucifera-view_Molokini_and_Kahoolawe_with_stand_up_paddlers_kayakers_and_snorkelers-Kamaole_Beach_Park_Kihei-Maui_%2852746466170%29.jpg/1920px-Starr-230301-6176-Cocos_nucifera-view_Molokini_and_Kahoolawe_with_stand_up_paddlers_kayakers_and_snorkelers-Kamaole_Beach_Park_Kihei-Maui_%2852746466170%29.jpg,kayak,Wikimedia Commons,,,,true,96
tour_fernando_kayak_o_stand_up_paddle_en_la_costa,"{""fernando""}",fernando,"Fernando de Noronha, Brasil",Brasil,Kayak o stand up paddle en la costa,Alquiler de equipo con instructor para recorrer la costa a tu ritmo.,30,USD,"Incluye equipo, chaleco salvavidas y una breve introducción de manejo antes de salir al agua. Actividad de 1 a 2 horas según el paquete elegido. Se recomienda reservar temprano en temporada alta y llevar protector solar resistente al agua.",https://thumb.wikimedia.org/wikipedia/commons/thumb/3/33/Starr-230301-6176-Cocos_nucifera-view_Molokini_and_Kahoolawe_with_stand_up_paddlers_kayakers_and_snorkelers-Kamaole_Beach_Park_Kihei-Maui_%2852746466170%29.jpg/1920px-Starr-230301-6176-Cocos_nucifera-view_Molokini_and_Kahoolawe_with_stand_up_paddlers_kayakers_and_snorkelers-Kamaole_Beach_Park_Kihei-Maui_%2852746466170%29.jpg,kayak,Wikimedia Commons,,,,true,97
tour_fln_kayak_o_stand_up_paddle_en_la_costa,"{""fln""}",fln,"Florianópolis, Brasil",Brasil,Kayak o stand up paddle en la costa,Alquiler de equipo con instructor para recorrer la costa a tu ritmo.,30,USD,"Incluye equipo, chaleco salvavidas y una breve introducción de manejo antes de salir al agua. Actividad de 1 a 2 horas según el paquete elegido. Se recomienda reservar temprano en temporada alta y llevar protector solar resistente al agua.",https://thumb.wikimedia.org/wikipedia/commons/thumb/3/33/Starr-230301-6176-Cocos_nucifera-view_Molokini_and_Kahoolawe_with_stand_up_paddlers_kayakers_and_snorkelers-Kamaole_Beach_Park_Kihei-Maui_%2852746466170%29.jpg/1920px-Starr-230301-6176-Cocos_nucifera-view_Molokini_and_Kahoolawe_with_stand_up_paddlers_kayakers_and_snorkelers-Kamaole_Beach_Park_Kihei-Maui_%2852746466170%29.jpg,kayak,Wikimedia Commons,,,,true,98
tour_camboriu_kayak_o_stand_up_paddle_en_la_costa,"{""camboriu""}",camboriu,"Camboriú, Brasil",Brasil,Kayak o stand up paddle en la costa,Alquiler de equipo con instructor para recorrer la costa a tu ritmo.,30,USD,"Incluye equipo, chaleco salvavidas y una breve introducción de manejo antes de salir al agua. Actividad de 1 a 2 horas según el paquete elegido. Se recomienda reservar temprano en temporada alta y llevar protector solar resistente al agua.",https://thumb.wikimedia.org/wikipedia/commons/thumb/3/33/Starr-230301-6176-Cocos_nucifera-view_Molokini_and_Kahoolawe_with_stand_up_paddlers_kayakers_and_snorkelers-Kamaole_Beach_Park_Kihei-Maui_%2852746466170%29.jpg/1920px-Starr-230301-6176-Cocos_nucifera-view_Molokini_and_Kahoolawe_with_stand_up_paddlers_kayakers_and_snorkelers-Kamaole_Beach_Park_Kihei-Maui_%2852746466170%29.jpg,kayak,Wikimedia Commons,,,,true,99
tour_bombinhas_kayak_o_stand_up_paddle_en_la_costa,"{""bombinhas""}",bombinhas,"Bombinhas, Brasil",Brasil,Kayak o stand up paddle en la costa,Alquiler de equipo con instructor para recorrer la costa a tu ritmo.,30,USD,"Incluye equipo, chaleco salvavidas y una breve introducción de manejo antes de salir al agua. Actividad de 1 a 2 horas según el paquete elegido. Se recomienda reservar temprano en temporada alta y llevar protector solar resistente al agua.",https://thumb.wikimedia.org/wikipedia/commons/thumb/3/33/Starr-230301-6176-Cocos_nucifera-view_Molokini_and_Kahoolawe_with_stand_up_paddlers_kayakers_and_snorkelers-Kamaole_Beach_Park_Kihei-Maui_%2852746466170%29.jpg/1920px-Starr-230301-6176-Cocos_nucifera-view_Molokini_and_Kahoolawe_with_stand_up_paddlers_kayakers_and_snorkelers-Kamaole_Beach_Park_Kihei-Maui_%2852746466170%29.jpg,kayak,Wikimedia Commons,,,,true,100
tour_rosa_kayak_o_stand_up_paddle_en_la_costa,"{""rosa""}",rosa,"Praia do Rosa, Brasil",Brasil,Kayak o stand up paddle en la costa,Alquiler de equipo con instructor para recorrer la costa a tu ritmo.,30,USD,"Incluye equipo, chaleco salvavidas y una breve introducción de manejo antes de salir al agua. Actividad de 1 a 2 horas según el paquete elegido. Se recomienda reservar temprano en temporada alta y llevar protector solar resistente al agua.",https://thumb.wikimedia.org/wikipedia/commons/thumb/3/33/Starr-230301-6176-Cocos_nucifera-view_Molokini_and_Kahoolawe_with_stand_up_paddlers_kayakers_and_snorkelers-Kamaole_Beach_Park_Kihei-Maui_%2852746466170%29.jpg/1920px-Starr-230301-6176-Cocos_nucifera-view_Molokini_and_Kahoolawe_with_stand_up_paddlers_kayakers_and_snorkelers-Kamaole_Beach_Park_Kihei-Maui_%2852746466170%29.jpg,kayak,Wikimedia Commons,,,,true,101
tour_bcm_kayak_o_stand_up_paddle_en_la_costa,"{""bcm""}",bcm,"Balneário Camboriú, Brasil",Brasil,Kayak o stand up paddle en la costa,Alquiler de equipo con instructor para recorrer la costa a tu ritmo.,30,USD,"Incluye equipo, chaleco salvavidas y una breve introducción de manejo antes de salir al agua. Actividad de 1 a 2 horas según el paquete elegido. Se recomienda reservar temprano en temporada alta y llevar protector solar resistente al agua.",https://thumb.wikimedia.org/wikipedia/commons/thumb/3/33/Starr-230301-6176-Cocos_nucifera-view_Molokini_and_Kahoolawe_with_stand_up_paddlers_kayakers_and_snorkelers-Kamaole_Beach_Park_Kihei-Maui_%2852746466170%29.jpg/1920px-Starr-230301-6176-Cocos_nucifera-view_Molokini_and_Kahoolawe_with_stand_up_paddlers_kayakers_and_snorkelers-Kamaole_Beach_Park_Kihei-Maui_%2852746466170%29.jpg,kayak,Wikimedia Commons,,,,true,102
tour_gram_snowland_el_parque_de_nieve_indoor,"{""gram""}",gram,"Gramado, Brasil",Brasil,"Snowland, el parque de nieve indoor","Nieve, trineo y clima frío bajo techo en pleno verano gaúcho.",55,USD,"Incluye traslado y entrada general al parque temático de nieve artificial, con zona de trineos y bar de hielo. Actividad de medio día. Llevar ropa de abrigo; el parque provee camperas para la zona de nieve.",https://thumb.wikimedia.org/wikipedia/commons/thumb/d/df/GRAMADO_-_RIO_GRANDE_DO_SUL_-_BRASIL_BY_AUGUSTO_JANISCKI_JUNIOR_%2814281900109%29.jpg/1920px-GRAMADO_-_RIO_GRANDE_DO_SUL_-_BRASIL_BY_AUGUSTO_JANISCKI_JUNIOR_%2814281900109%29.jpg,destination,Wikimedia Commons,,,,true,103
tour_canela_parque_do_caracol_y_su_cascada,"{""canela""}",canela,"Canela, Brasil",Brasil,Parque do Caracol y su cascada,Mirador y torre de observación frente a la cascada más conocida de Canela.,25,USD,"Incluye traslado y entrada al parque, con acceso al mirador de la cascada del Caracol y sendero corto por el bosque nativo. Actividad de medio día. Llevar calzado cómodo y cámara de fotos.",https://thumb.wikimedia.org/wikipedia/commons/thumb/a/a7/Catedral_Nossa_Senhora_de_Lourdes.JPG/1920px-Catedral_Nossa_Senhora_de_Lourdes.JPG,destination,Wikimedia Commons,,,,true,104
tour_igu_represa_de_itaipu,"{""igu""}",igu,"Foz de Iguazú, Brasil",Brasil,Represa de Itaipú,Visita guiada a una de las mayores hidroeléctricas del mundo.,45,USD,"Incluye traslado y recorrido panorámico por el circuito de visitantes de Itaipú Binacional, con parada en el mirador y proyección institucional. Duración aproximada de 2 horas y media. Llevar documento de identidad, es obligatorio para el ingreso.",https://thumb.wikimedia.org/wikipedia/commons/thumb/7/79/Cataratas_do_Igua%C3%A7u%2C_Iguazu_Falls.jpg/1920px-Cataratas_do_Igua%C3%A7u%2C_Iguazu_Falls.jpg,destination,Wikimedia Commons,,,,true,105
tour_rec_kayak_o_stand_up_paddle_en_la_costa,"{""rec""}",rec,"Recife, Brasil",Brasil,Kayak o stand up paddle en la costa,Alquiler de equipo con instructor para recorrer la costa a tu ritmo.,30,USD,"Incluye equipo, chaleco salvavidas y una breve introducción de manejo antes de salir al agua. Actividad de 1 a 2 horas según el paquete elegido. Se recomienda reservar temprano en temporada alta y llevar protector solar resistente al agua.",https://thumb.wikimedia.org/wikipedia/commons/thumb/3/33/Starr-230301-6176-Cocos_nucifera-view_Molokini_and_Kahoolawe_with_stand_up_paddlers_kayakers_and_snorkelers-Kamaole_Beach_Park_Kihei-Maui_%2852746466170%29.jpg/1920px-Starr-230301-6176-Cocos_nucifera-view_Molokini_and_Kahoolawe_with_stand_up_paddlers_kayakers_and_snorkelers-Kamaole_Beach_Park_Kihei-Maui_%2852746466170%29.jpg,kayak,Wikimedia Commons,,,,true,106
tour_poa_free_tour_a_pie_por_el_centro_historico,"{""poa""}",poa,"Porto Alegre, Brasil",Brasil,Free tour a pie por el centro histórico,Recorrido guiado por los principales puntos históricos y culturales de la ciudad.,20,USD,"Incluye guía local en español o portugués y recorrido a pie por plazas, edificios históricos y miradores del centro. Duración aproximada de 2 a 3 horas. El monto es una propina sugerida al guía; no hay costo fijo obligatorio.",https://thumb.wikimedia.org/wikipedia/commons/thumb/e/e5/IBPA_17398_-_Vista_a%C3%A9rea_da_Orla_Moacyr_Scliar%2C_na_capital._O_-_2018-10-02_-_Luciano_Lanes-PMPA_%28cropped%29.jpg/1920px-IBPA_17398_-_Vista_a%C3%A9rea_da_Orla_Moacyr_Scliar%2C_na_capital._O_-_2018-10-02_-_Luciano_Lanes-PMPA_%28cropped%29.jpg,destination,Wikimedia Commons,,,,true,107